{
    "playerSettings": [
        {
            "level": 34,
            "position": {
                "x": 957.0,
                "y": 4.5,
                "z": 290.5
            },
            "rotation": {
                "x": 0.0,
                "y": 180.0,
                "z": 0.0
            },
            "edgeDetectionSettings": {
                "edgeColorMode": 1,
                "edgeColor": {
                    "colorStore": [
                        0.0,
                        0.0,
                        0.0,
                        1.0
                    ]
                },
                "edgeColorGradient": {
                    "flattenedColors": [
                        0.0,
                        0.0,
                        0.0,
                        0.0,
                        0.0,
                        0.0,
                        0.0,
                        0.9970549941062927,
                        -1.0,
                        -1.0,
                        -1.0,
                        -1.0,
                        -1.0,
                        -1.0,
                        -1.0,
                        -1.0,
                        -1.0,
                        -1.0,
                        -1.0,
                        -1.0,
                        -1.0,
                        -1.0,
                        -1.0,
                        -1.0,
                        -1.0,
                        -1.0,
                        -1.0,
                        -1.0,
                        -1.0,
                        -1.0,
                        -1.0,
                        -1.0,
                        -1.0,
                        -1.0,
                        -1.0,
                        -1.0,
                        -1.0,
                        -1.0,
                        -1.0,
                        -1.0
                    ],
                    "flattenedAlphaValues": [
                        1.0,
                        0.0,
                        1.0,
                        0.34412145614624026,
                        0.0313725508749485,
                        0.7647058963775635,
                        0.0,
                        1.0,
                        -1.0,
                        -1.0,
                        -1.0,
                        -1.0,
                        -1.0,
                        -1.0,
                        -1.0,
                        -1.0,
                        -1.0,
                        -1.0,
                        -1.0,
                        -1.0
                    ]
                }
            }
        },
        {
            "level": 21,
            "position": {
                "x": 162.6885986328125,
                "y": -460.8587646484375,
                "z": 1098.5595703125
            },
            "rotation": {
                "x": 0.0,
                "y": 180.0,
                "z": 0.0
            },
            "edgeDetectionSettings": {
                "edgeColorMode": 1,
                "edgeColor": {
                    "colorStore": [
                        0.0,
                        0.0,
                        0.0,
                        1.0
                    ]
                },
                "edgeColorGradient": {
                    "flattenedColors": [
                        0.0,
                        0.0,
                        0.0,
                        0.0,
                        0.0,
                        0.0,
                        0.0,
                        0.9970549941062927,
                        -1.0,
                        -1.0,
                        -1.0,
                        -1.0,
                        -1.0,
                        -1.0,
                        -1.0,
                        -1.0,
                        -1.0,
                        -1.0,
                        -1.0,
                        -1.0,
                        -1.0,
                        -1.0,
                        -1.0,
                        -1.0,
                        -1.0,
                        -1.0,
                        -1.0,
                        -1.0,
                        -1.0,
                        -1.0,
                        -1.0,
                        -1.0,
                        -1.0,
                        -1.0,
                        -1.0,
                        -1.0,
                        -1.0,
                        -1.0,
                        -1.0,
                        -1.0
                    ],
                    "flattenedAlphaValues": [
                        1.0,
                        0.0,
                        1.0,
                        0.34412145614624026,
                        0.0313725508749485,
                        0.7647058963775635,
                        0.0,
                        1.0,
                        -1.0,
                        -1.0,
                        -1.0,
                        -1.0,
                        -1.0,
                        -1.0,
                        -1.0,
                        -1.0,
                        -1.0,
                        -1.0,
                        -1.0,
                        -1.0
                    ]
                }
            }
        },
        {
            "level": 20,
            "position": {
                "x": 159.87014770507813,
                "y": -739.2186279296875,
                "z": -351.84100341796877
            },
            "rotation": {
                "x": 0.0,
                "y": 0.0,
                "z": 0.0
            },
            "edgeDetectionSettings": {
                "edgeColorMode": 1,
                "edgeColor": {
                    "colorStore": [
                        0.0,
                        0.0,
                        0.0,
                        1.0
                    ]
                },
                "edgeColorGradient": {
                    "flattenedColors": [
                        0.0,
                        0.0,
                        0.0,
                        0.0,
                        0.0,
                        0.0,
                        0.0,
                        0.9970549941062927,
                        -1.0,
                        -1.0,
                        -1.0,
                        -1.0,
                        -1.0,
                        -1.0,
                        -1.0,
                        -1.0,
                        -1.0,
                        -1.0,
                        -1.0,
                        -1.0,
                        -1.0,
                        -1.0,
                        -1.0,
                        -1.0,
                        -1.0,
                        -1.0,
                        -1.0,
                        -1.0,
                        -1.0,
                        -1.0,
                        -1.0,
                        -1.0,
                        -1.0,
                        -1.0,
                        -1.0,
                        -1.0,
                        -1.0,
                        -1.0,
                        -1.0,
                        -1.0
                    ],