{
    "playerSettings": [
        {
            "level": 32,
            "position": {
                "x": 824.755615234375,
                "y": 61.0809326171875,
                "z": 15.70166015625
            },
            "rotation": {
                "x": 0.0,
                "y": 90.0,
                "z": 0.0
            },
            "edgeDetectionSettings": {
                "edgeColorMode": 1,
                "edgeColor": {
                    "colorStore": [
                        0.0,
                        0.0,
                        0.0,
                        1.0
                    ]
                },
                "edgeColorGradient": {
                    "flattenedColors": [
                        0.0,
                        0.0,
                        0.0,
                        0.0,
                        0.0,
                        0.0,
                        0.0,
                        0.9970549941062927,
                        -1.0,
                        -1.0,
                        -1.0,
                        -1.0,
                        -1.0,
                        -1.0,
                        -1.0,
                        -1.0,
                        -1.0,
                        -1.0,
                        -1.0,
                        -1.0,
                        -1.0,
                        -1.0,
                        -1.0,
                        -1.0,
                        -1.0,
                        -1.0,
                        -1.0,
                        -1.0,
                        -1.0,
                        -1.0,
                        -1.0,
                        -1.0,
                        -1.0,
                        -1.0,
                        -1.0,
                        -1.0,
                        -1.0,
                        -1.0,
                        -1.0,
                        -1.0
                    ],
                    "flattenedAlphaValues": [
                        1.0,
                        0.0,
                        1.0,
                        0.34412145614624026,
                        0.0313725508749485,
                        0.7647058963775635,
                        0.0,
                        1.0,
                        -1.0,
                        -1.0,
                        -1.0,
                        -1.0,
                        -1.0,
                        -1.0,
                        -1.0,
                        -1.0,
                        -1.0,
                        -1.0,
                        -1.0,
                        -1.0
                    ]
                }
            }
        },
        {
            "level": 12,
            "position": {
                "x": 0.10573147237300873,
                "y": -395.2107238769531,
                "z": 31.949420928955079
            },
            "rotation": {
                "x": 0.0,
                "y": 180.0,
                "z": 0.0
            },
            "edgeDetectionSettings": {
                "edgeColorMode": 1,
                "edgeColor": {
                    "colorStore": [
                        0.0,
                        0.0,
                        0.0,
                        1.0
                    ]
                },
                "edgeColorGradient": {
                    "flattenedColors": [
                        0.0,
                        0.0,
                        0.0,
                        0.0,
                        0.0,
                        0.0,
                        0.0,
                        0.9970549941062927,
                        -1.0,
                        -1.0,
                        -1.0,
                        -1.0,
                        -1.0,
                        -1.0,
                        -1.0,
                        -1.0,
                        -1.0,
                        -1.0,
                        -1.0,
                        -1.0,
                        -1.0,
                        -1.0,
                        -1.0,
                        -1.0,
                        -1.0,
                        -1.0,
                        -1.0,
                        -1.0,
                        -1.0,
                        -1.0,
                        -1.0,
                        -1.0,
                        -1.0,
                        -1.0,
                        -1.0,
                        -1.0,
                        -1.0,
                        -1.0,
                        -1.0,
                        -1.0
                    ],
                    "flattenedAlphaValues": [
                        1.0,
                        0.0,
                        1.0,
                        0.34412145614624026,
                        0.0313725508749485,
                        0.7647058963775635,
                        0.0,
                        1.0,
                        -1.0,
                        -1.0,
                        -1.0,
                        -1.0,
                        -1.0,
                        -1.0,
                        -1.0,
                        -1.0,
                        -1.0,
                        -1.0,
                        -1.0,
                        -1.0
                    ]
                }
            }
        },
        {
            "level": 29,
            "position": {
                "x": -15.813172340393067,
                "y": 6.979074478149414,
                "z": 10.689200401306153
            },
            "rotation": {
                "x": 0.0,
                "y": 114.06499481201172,
                "z": 0.0
            },
            "edgeDetectionSettings": {
                "edgeColorMode": 1,
                "edgeColor": {
                    "colorStore": [
                        0.0,
                        0.0,
                        0.0,
                        1.0
                    ]
                },
                "edgeColorGradient": {
                    "flattenedColors": [
                        0.0,
                        0.0,
                        0.0,
                        0.0,
                        0.0,
                        0.0,
                        0.0,
                        0.9970549941062927,
                        -1.0,
                        -1.0,
                        -1.0,
                        -1.0,
                        -1.0,
                        -1.0,
                        -1.0,
                        -1.0,
                        -1.0,
                        -1.0,
                        -1.0,
                        -1.0,
                        -1.0,
                        -1.0,
                        -1.0,
                        -1.0,
                        -1.0,
                        -1.0,
                        -1.0,
                        -1.0,
                        -1.0,
                        -1.0,
                        -1.0,
                        -1.0,
                        -1.0,
                        -1.0,
                        -1.0,
                        -1.0,
                        -1.0,
                        -1.0,
                        -1.0,
                        -1.0
                    ],